[{"model": "core.pais", "pk": "AR", "fields": {"nombre": "Argentina"}}, {"model": "core.pais", "pk": "BO", "fields": {"nombre": "Bolivia"}}, {"model": "core.pais", "pk": "BR", "fields": {"nombre": "Brasil"}}, {"model": "core.pais", "pk": "CL", "fields": {"nombre": "Chile"}}, {"model": "core.pais", "pk": "CO", "fields": {"nombre": "Colombia"}}, {"model": "core.pais", "pk": "UR", "fields": {"nombre": "Uruguay"}}, {"model": "core.pais", "pk": "US", "fields": {"nombre": "Estados Unidos"}}, {"model": "core.provincia", "pk": 1, "fields": {"nombre": "Chubut", "pais": "AR"}}, {"model": "core.provincia", "pk": 2, "fields": {"nombre": "Maldonado", "pais": "UR"}}, {"model": "core.provincia", "pk": 3, "fields": {"nombre": "Buenos Aires", "pais": "AR"}}, {"model": "core.provincia", "pk": 4, "fields": {"nombre": "Santa Fe", "pais": "AR"}}, {"model": "core.provincia", "pk": 5, "fields": {"nombre": "Tierra del Fuego", "pais": "AR"}}, {"model": "core.provincia", "pk": 6, "fields": {"nombre": "Salta", "pais": "AR"}}, {"model": "core.provincia", "pk": 7, "fields": {"nombre": "San Luis", "pais": "AR"}}, {"model": "core.provincia", "pk": 8, "fields": {"nombre": "Chaco", "pais": "AR"}}, {"model": "core.provincia", "pk": 9, "fields": {"nombre": "Cordoba", "pais": "AR"}}, {"model": "core.provincia", "pk": 10, "fields": {"nombre": "Mendoza", "pais": "AR"}}, {"model": "core.provincia", "pk": 11, "fields": {"nombre": "Rio Negro", "pais": "AR"}}, {"model": "core.provincia", "pk": 12, "fields": {"nombre": "Santa Cruz", "pais": "AR"}}, {"model": "core.provincia", "pk": 13, "fields": {"nombre": "Jujuy", "pais": "AR"}}, {"model": "core.provincia", "pk": 14, "fields": {"nombre": "Catamarca", "pais": "AR"}}, {"model": "core.provincia", "pk": 15, "fields": {"nombre": "Neuquen", "pais": "AR"}}, {"model": "core.provincia", "pk": 16, "fields": {"nombre": "San Juan", "pais": "AR"}}, {"model": "core.provincia", "pk": 17, "fields": {"nombre": "La Pampa", "pais": "AR"}}, {"model": "core.provincia", "pk": 18, "fields": {"nombre": "Tucuman", "pais": "AR"}}, {"model": "core.provincia", "pk": 19, "fields": {"nombre": "Misiones", "pais": "AR"}}, {"model": "core.provincia", "pk": 20, "fields": {"nombre": "Entre Rios", "pais": "AR"}}, {"model": "core.provincia", "pk": 21, "fields": {"nombre": "New York", "pais": "US"}}, {"model": "core.ciudad", "pk": "1000", "fields": {"nombre": "Buenos Aires", "provincia": 3}}, {"model": "core.ciudad", "pk": "10016", "fields": {"nombre": "New York", "provincia": 21}}, {"model": "core.ciudad", "pk": "20100", "fields": {"nombre": "Punta del Este", "provincia": 2}}, {"model": "core.ciudad", "pk": "3370", "fields": {"nombre": "Puerto Iguaz ", "provincia": 19}}, {"model": "core.ciudad", "pk": "4600", "fields": {"nombre": "San Salvador de Jujuy", "provincia": 13}}, {"model": "core.ciudad", "pk": "5700", "fields": {"nombre": "San Luis", "provincia": 7}}, {"model": "core.ciudad", "pk": "7165", "fields": {"nombre": "Villa Gesell", "provincia": 3}}, {"model": "core.ciudad", "pk": "7167", "fields": {"nombre": "Pinamar", "provincia": 3}}, {"model": "core.ciudad", "pk": "7607", "fields": {"nombre": "Miramar", "provincia": 3}}, {"model": "core.ciudad", "pk": "8000", "fields": {"nombre": "Bah a Blanca", "provincia": 3}}, {"model": "core.ciudad", "pk": "9100", "fields": {"nombre": "Trelew", "provincia": 1}}, {"model": "core.ciudad", "pk": "9103", "fields": {"nombre": "Rawson", "provincia": 1}}, {"model": "core.ciudad", "pk": "9120", "fields": {"nombre": "Puerto Madryn", "provincia": 1}}, {"model": "core.ciudad", "pk": "9121", "fields": {"nombre": "Puerto Piramides", "provincia": 1}}, {"model": "core.ciudad", "pk": "B1900", "fields": {"nombre": "La Plata", "provincia": 3}}, {"model": "core.direccion", "pk": 1, "fields": {"calle": "Belgrano", "numero": 397, "ciudad": "9100"}}, {"model": "core.direccion", "pk": 2, "fields": {"calle": "Rb. Dr. Claudio Williman", "numero": 3, "ciudad": "20100"}}, {"model": "core.direccion", "pk": 3, "fields": {"calle": "9 de Julio", "numero": 626, "ciudad": "7607"}}, {"model": "core.direccion", "pk": 4, "fields": {"calle": "Calle 16", "numero": 1050, "ciudad": "7607"}}, {"model": "core.direccion", "pk": 5, "fields": {"calle": "Roque S. Pe a", "numero": 253, "ciudad": "9120"}}, {"model": "core.direccion", "pk": 6, "fields": {"calle": "J. A. Roca", "numero": 155, "ciudad": "9120"}}, {"model": "core.direccion", "pk": 7, "fields": {"calle": "Gral. Manuel Belgrano", "numero": 1263, "ciudad": "4600"}}, {"model": "core.direccion", "pk": 8, "fields": {"calle": "Av. Pasquini Lopez", "numero": 50, "ciudad": "4600"}}, {"model": "core.direccion", "pk": 9, "fields": {"calle": "Av. Tres Fronteras", "numero": 550, "ciudad": "3370"}}, {"model": "core.direccion", "pk": 10, "fields": {"calle": "33rd street", "numero": 45, "ciudad": "10016"}}, {"model": "core.direccion", "pk": 13, "fields": {"calle": "asdf", "numero": 3213, "ciudad": "9100"}}, {"model": "core.tipohabitacion", "pk": 1, "fields": {"nombre": "Simple", "descripcion": "Habitacion con una cama de una plaza.", "capacidad": 1}}, {"model": "core.tipohabitacion", "pk": 2, "fields": {"nombre": "Doble", "descripcion": "Habitacion con dos camas de una plaza.", "capacidad": 2}}, {"model": "core.tipohabitacion", "pk": 3, "fields": {"nombre": "Doble Matrimonial", "descripcion": "Habitacion con una cama de dos plazas.", "capacidad": 2}}, {"model": "core.tipohabitacion", "pk": 4, "fields": {"nombre": "Triple", "descripcion": "Habitacion con tres camas de una plaza.", "capacidad": 3}}, {"model": "core.tipohabitacion", "pk": 5, "fields": {"nombre": "Triple Familiar", "descripcion": "Habitacion con una cama de dos plazas y una cama de una plaza.", "capacidad": 3}}, {"model": "core.tipohabitacion", "pk": 6, "fields": {"nombre": "Apartamento", "descripcion": "Dos habitaciones separadas para 4 o 5 personas.", "capacidad": 5}}, {"model": "core.servicio", "pk": 1, "fields": {"nombre": "Recepcion", "descripcion": "Servicio de Recepcion"}}, {"model": "core.servicio", "pk": 2, "fields": {"nombre": "Pago sin efectivo", "descripcion": "Metodo de pago por tarjeta o puntos"}}, {"model": "core.servicio", "pk": 3, "fields": {"nombre": "Desayuno extendido", "descripcion": "Desayuno: Infusion, pan y dulces."}}, {"model": "core.servicio", "pk": 4, "fields": {"nombre": "Oferta de bebidas", "descripcion": "Se proporcionan ofertas en bebidas."}}, {"model": "core.servicio", "pk": 5, "fields": {"nombre": "Ducha o ba era", "descripcion": "Todas las habitaciones poseeran ducha y/o ba era."}}, {"model": "core.servicio", "pk": 6, "fields": {"nombre": "Limpieza", "descripcion": "Limpieza diaria de las habitaciones"}}, {"model": "core.servicio", "pk": 7, "fields": {"nombre": "TV a color", "descripcion": "Todas las habitaciones dispondran de una TV a color con control remoto"}}, {"model": "core.servicio", "pk": 8, "fields": {"nombre": "WIFI", "descripcion": "Acceso a internet WiFi tanto en las habitaciones como en las zonas publicas"}}, {"model": "core.servicio", "pk": 9, "fields": {"nombre": "Muebles", "descripcion": "Mesa y silla"}}, {"model": "core.servicio", "pk": 10, "fields": {"nombre": "Jabon", "descripcion": "Jabones o gel de ba o"}}, {"model": "core.servicio", "pk": 11, "fields": {"nombre": "Toallas", "descripcion": "Toallas de ba o"}}, {"model": "core.servicio", "pk": 12, "fields": {"nombre": "Oferta de productos sanitarios", "descripcion": "Oferta de productos sanitarios (p. ej. cepillo de dientes, pasta de dientes, kit de afeitado)"}}, {"model": "core.servicio", "pk": 13, "fields": {"nombre": "Personal bilingue", "descripcion": "Personal bilingue (p. ej. aleman/ingles)"}}, {"model": "core.servicio", "pk": 14, "fields": {"nombre": "Desayuno buffet", "descripcion": "Desayuno con varios alimentos a eleccion del comensal"}}, {"model": "core.servicio", "pk": 15, "fields": {"nombre": "Lampara", "descripcion": "Luz de lectura al lado de la cama"}}, {"model": "core.servicio", "pk": 16, "fields": {"nombre": "Esencia de ba o", "descripcion": "Esencia de ba o o gel de ducha"}}, {"model": "core.servicio", "pk": 17, "fields": {"nombre": "Estantes", "descripcion": "Estanteria de lino"}}, {"model": "core.servicio", "pk": 18, "fields": {"nombre": "Oferta de costurero", "descripcion": "Ofertas de costurero y utensilios para lustrar zapatos"}}, {"model": "core.servicio", "pk": 19, "fields": {"nombre": "Recepcion 10 hs.", "descripcion": "Recepcion abierta las 10 horas, accesible por telefono o comunicacion digital las 24 horas desde el interior y el exterior"}}, {"model": "core.servicio", "pk": 20, "fields": {"nombre": "Salon Suite", "descripcion": "Salon suite de tres piezas en recepcion, servicio de maletas."}}, {"model": "core.servicio", "pk": 21, "fields": {"nombre": "Oferta de bebidas hab.", "descripcion": "Oferta de bebidas en la habitacion."}}, {"model": "core.servicio", "pk": 22, "fields": {"nombre": "Telefono", "descripcion": "Telefono bajo demanda"}}, {"model": "core.servicio", "pk": 23, "fields": {"nombre": "Entretenimiento multimedia", "descripcion": "Sistema de entretenimiento de audio o mulimedia"}}, {"model": "core.servicio", "pk": 24, "fields": {"nombre": "Calefaccion y secador", "descripcion": "Instalacion de calefaccion en el ba o, secador de pelo, pa uelos de limpieza."}}, {"model": "core.servicio", "pk": 25, "fields": {"nombre": "Espejo vestidor", "descripcion": "Espejo vestidor, lugar para poner el equipaje/maleta"}}, {"model": "core.servicio", "pk": 26, "fields": {"nombre": "Lavanderia", "descripcion": "Servicio de lavanderia y planchado"}}, {"model": "core.servicio", "pk": 27, "fields": {"nombre": "Almohada y manta", "descripcion": "Almohada adicional y manta adicional bajo peticion"}}, {"model": "core.servicio", "pk": 28, "fields": {"nombre": "Sistema de quejas", "descripcion": "Sistema de gestion de quejas"}}, {"model": "core.servicio", "pk": 29, "fields": {"nombre": "Sitio web hoteles", "descripcion": "Sitio web bilingue propiedad del hotel"}}, {"model": "core.servicio", "pk": 30, "fields": {"nombre": "Recepcion 16 hs.", "descripcion": "Recepcion abierta las 16 horas, accesible por telefono las 24 horas desde dentro y desde fuera"}}, {"model": "core.servicio", "pk": 31, "fields": {"nombre": "Lobby", "descripcion": "Lobby con asientos y servicio de bebidas."}}, {"model": "core.servicio", "pk": 32, "fields": {"nombre": "Desayuno habitacion", "descripcion": "Desayuno buffet o carta de menu de desayuno via servicio de habitaciones"}}, {"model": "core.servicio", "pk": 33, "fields": {"nombre": "Bar", "descripcion": "Minibar, maxibar o bebidas 16 hs via room service"}}, {"model": "core.servicio", "pk": 34, "fields": {"nombre": "Sofa tapizado", "descripcion": "Silla/sofa tapizado con mesa auxiliar"}}, {"model": "core.servicio", "pk": 35, "fields": {"nombre": "Albornoz", "descripcion": "Albornoz y zapatillas bajo peticion"}}, {"model": "core.servicio", "pk": 36, "fields": {"nombre": "Cosmeticos", "descripcion": "Productos cosmeticos (por ejemplo, gorro de ducha, lima de u as, bastoncillos de algodon), espejo de tocador, bandeja de gran tama o en el ba o"}}, {"model": "core.servicio", "pk": 37, "fields": {"nombre": "TV Internacional", "descripcion": "La television tiene canales internacionales disponibles"}}, {"model": "core.servicio", "pk": 38, "fields": {"nombre": "Sauna", "descripcion": "Instalaciones adicionales: Sauna"}}, {"model": "core.servicio", "pk": 39, "fields": {"nombre": "Gimnasio", "descripcion": "Instalaciones adicionales: Gimnasio/sala de ejercicios"}}, {"model": "core.servicio", "pk": 40, "fields": {"nombre": "Recepcion 24 hs.", "descripcion": "Recepcion abierta las 24 horas, personal multilingue"}}, {"model": "core.servicio", "pk": 41, "fields": {"nombre": "Portero", "descripcion": "Servicio de portero o valet parking"}}, {"model": "core.servicio", "pk": 42, "fields": {"nombre": "Conserje", "descripcion": "Conserje, paje"}}, {"model": "core.servicio", "pk": 43, "fields": {"nombre": "Limusina", "descripcion": "Servicio de transporte"}}, {"model": "core.servicio", "pk": 44, "fields": {"nombre": "Equipaje", "descripcion": "Servicio de equipaje"}}, {"model": "core.servicio", "pk": 45, "fields": {"nombre": "Regalo", "descripcion": "Saludo personalizado para cada huesped con flores frescas o un regalo en la habitacion"}}, {"model": "core.servicio", "pk": 46, "fields": {"nombre": "Room service", "descripcion": "Minibar y oferta de alimentos y bebidas via room service durante las 24 horas"}}, {"model": "core.servicio", "pk": 47, "fields": {"nombre": "Internet", "descripcion": "Dispositivo de Internet en la habitacion bajo peticion"}}, {"model": "core.servicio", "pk": 48, "fields": {"nombre": "Seguridad", "descripcion": "Seguro en la habitacion"}}, {"model": "core.servicio", "pk": 49, "fields": {"nombre": "Cobertura", "descripcion": "Servicio de cobertura por la noche"}}, {"model": "core.categoria", "pk": 1, "fields": {"nombre": "Turista", "descripcion": "Categoria: 1 estrella", "estrellas": "1.0", "servicios": [1, 2, 3, 4, 5, 6, 7, 8, 9, 10, 11, 12]}}, {"model": "core.categoria", "pk": 2, "fields": {"nombre": "Estandar", "descripcion": "Categoria: 2 estrellas", "estrellas": "2.0", "servicios": [13, 14, 15, 16, 17, 18]}}, {"model": "core.categoria", "pk": 3, "fields": {"nombre": "Comodidad", "descripcion": "Categoria: 3 estrellas", "estrellas": "3.0", "servicios": [19, 20, 21, 22, 23, 24, 25, 26, 27, 28, 29]}}, {"model": "core.categoria", "pk": 4, "fields": {"nombre": "Primera clase", "descripcion": "Categoria: 4 estrellas", "estrellas": "4.0", "servicios": [32, 33, 34, 35, 36, 37, 30, 31]}}, {"model": "core.categoria", "pk": 5, "fields": {"nombre": "Primera clase superior", "descripcion": "Categoria: 4 estrellas y media", "estrellas": "4.5", "servicios": [38, 39]}}, {"model": "core.categoria", "pk": 6, "fields": {"nombre": "Lujo", "descripcion": "Categoria: 5 estrellas", "estrellas": "5.0", "servicios": [40, 41, 42, 43, 44, 45, 46, 47, 48, 49]}}, {"model": "core.persona", "pk": "11000222", "fields": {"tipo_documento": 0, "nombre": "Juan", "apellido": "Juanes"}}, {"model": "core.persona", "pk": "11111111", "fields": {"tipo_documento": 0, "nombre": "Adriel", "apellido": "Montes"}}, {"model": "core.persona", "pk": "12345678", "fields": {"tipo_documento": 0, "nombre": "Pepe", "apellido": "Perez"}}, {"model": "core.persona", "pk": "12654999", "fields": {"tipo_documento": 0, "nombre": "Pablo", "apellido": "Martinez"}}, {"model": "core.persona", "pk": "12788955", "fields": {"tipo_documento": 0, "nombre": "Hugo", "apellido": "Hambre"}}, {"model": "core.persona", "pk": "15151515", "fields": {"tipo_documento": 0, "nombre": "Luis", "apellido": "Jones"}}, {"model": "core.persona", "pk": "16744266", "fields": {"tipo_documento": 0, "nombre": "Cristina", "apellido": "Fernandez"}}, {"model": "core.persona", "pk": "23456789", "fields": {"tipo_documento": 0, "nombre": "Juan", "apellido": "Gonzalez"}}, {"model": "core.persona", "pk": "25333745", "fields": {"tipo_documento": 0, "nombre": "Fernanda", "apellido": "Gomez"}}, {"model": "core.persona", "pk": "26789789", "fields": {"tipo_documento": 0, "nombre": "Tania", "apellido": "Lopez"}}, {"model": "core.persona", "pk": "34567890", "fields": {"tipo_documento": 0, "nombre": "Maria", "apellido": "Rodriguez"}}, {"model": "core.persona", "pk": "35123123", "fields": {"tipo_documento": 0, "nombre": "Juana", "apellido": "Piyun"}}, {"model": "core.persona", "pk": "40988888", "fields": {"tipo_documento": 0, "nombre": "Adriel", "apellido": "Otnot"}}, {"model": "core.persona", "pk": "43255699", "fields": {"tipo_documento": 0, "nombre": "Laureano", "apellido": "Diaz"}}, {"model": "core.persona", "pk": "45678901", "fields": {"tipo_documento": 0, "nombre": "Carlos", "apellido": "Lopez"}}, {"model": "core.persona", "pk": "56789012", "fields": {"tipo_documento": 0, "nombre": "Ana", "apellido": "Martinez"}}, {"model": "core.persona", "pk": "67890123", "fields": {"tipo_documento": 0, "nombre": "Luis", "apellido": "Pereira"}}, {"model": "core.persona", "pk": "7123456", "fields": {"tipo_documento": 0, "nombre": "Mark", "apellido": "Zuckerberg"}}, {"model": "core.persona", "pk": "7845123", "fields": {"tipo_documento": 0, "nombre": "Miguel", "apellido": "Owens"}}, {"model": "core.persona", "pk": "78901234", "fields": {"tipo_documento": 0, "nombre": "Sofia", "apellido": "Gomez"}}, {"model": "core.persona", "pk": "89012345", "fields": {"tipo_documento": 0, "nombre": "Diego", "apellido": "Fernandez"}}, {"model": "core.persona", "pk": "90123456", "fields": {"tipo_documento": 0, "nombre": "Laura", "apellido": "Ramirez"}}, {"model": "core.vendedor", "pk": "11000222", "fields": {}}, {"model": "core.vendedor", "pk": "12654999", "fields": {}}, {"model": "core.vendedor", "pk": "15151515", "fields": {}}, {"model": "core.vendedor", "pk": "16744266", "fields": {}}, {"model": "core.vendedor", "pk": "26789789", "fields": {}}, {"model": "core.vendedor", "pk": "35123123", "fields": {}}, {"model": "core.vendedor", "pk": "40988888", "fields": {}}, {"model": "core.vendedor", "pk": "43255699", "fields": {}}, {"model": "core.vendedor", "pk": "7845123", "fields": {}}, {"model": "core.encargado", "pk": "11111111", "fields": {"asignado": false}}, {"model": "core.encargado", "pk": "12345678", "fields": {"asignado": true}}, {"model": "core.encargado", "pk": "12788955", "fields": {"asignado": false}}, {"model": "core.encargado", "pk": "23456789", "fields": {"asignado": true}}, {"model": "core.encargado", "pk": "25333745", "fields": {"asignado": false}}, {"model": "core.encargado", "pk": "34567890", "fields": {"asignado": true}}, {"model": "core.encargado", "pk": "45678901", "fields": {"asignado": true}}, {"model": "core.encargado", "pk": "56789012", "fields": {"asignado": true}}, {"model": "core.encargado", "pk": "67890123", "fields": {"asignado": true}}, {"model": "core.encargado", "pk": "7123456", "fields": {"asignado": true}}, {"model": "core.encargado", "pk": "78901234", "fields": {"asignado": true}}, {"model": "core.encargado", "pk": "89012345", "fields": {"asignado": true}}, {"model": "core.encargado", "pk": "90123456", "fields": {"asignado": true}}]